{
    "enabled": true,
    "coin": "digibyte.json",

    "address": "DFeYbJvQ5X5Veg4mSfEWiWr3BAievc34Cf",

    "rewardRecipients": {
        "DHJ5C6aDN3VYfMJdysoH6nvKEoGcK7dEaq": 1.5,
        "DME7HJE5EpDnn3484kBEpdZrZq2ZvRojMz": 0.1
    },

    "paymentProcessing": {
        "enabled": true,
        "paymentInterval": 20,
        "minimumPayment": 1,
        "daemon": {
            "host": "127.0.0.1",
            "port": 14024,
            "user": "DGBRPCUser_MDFU7hbhjhgv",
            "password": "kjhg6556rfGHVHGVGFfgcvgbvgvHGVGFCccgvgg"
        }
    },

    "ports": {
        "3008": {
            "diff": 8
        },
        "3032": {
            "diff": 32,
            "varDiff": {
                "minDiff": 8,
                "maxDiff": 512,
                "targetTime": 15,
                "retargetTime": 90,
                "variancePercent": 30
            }
        },
        "3256": {
            "diff": 256
        },
        "3344": {
            "diff": 512000
        },
        "3345": {
            "diff": 512000,
            "varDiff": {
                "minDiff": 512000,
                "maxDiff": 1024000,
                "targetTime": 15,
                "retargetTime": 90
            }
        }
    },

    "daemons": [
        {
            "host": "127.0.0.1",
            "port": 14024,
            "user": "DGBRPCUser_MDFU7hbhjhgv",
            "password": "kjhg6556rfGHVHGVGFfgcvgbvgvHGVGFCccgvgg"
        }
    ],

    "p2p": {
        "enabled": true,
        "host": "127.0.0.1",
        "port": 14024,
        "disableTransactions": true
    },

    "mposMode": {
        "enabled": false,
        "host": "127.0.0.1",
        "port": 3306,
        "user": "nomp",
        "password": "mmjcuHHGhmjgvhb74",
        "database": "nomp",
        "checkPassword": true,
        "autoCreateWorker": false
    }

}